{"stats":{"minecraft:picked_up":{"minecraft:mutton":2,"minecraft:wheat_seeds":1,"minecraft:white_wool":1,"minecraft:dirt":4},"minecraft:killed":{"minecraft:sheep":1},"minecraft:mined":{"minecraft:grass":1,"minecraft:grass_block":4},"minecraft:custom":{"minecraft:jump":36,"minecraft:time_since_rest":760,"minecraft:leave_game":1,"minecraft:damage_dealt":80,"minecraft:crouch_one_cm":235,"minecraft:sprint_one_cm":1572,"minecraft:play_time":760,"minecraft:time_since_death":760,"minecraft:walk_one_cm":1462,"minecraft:sneak_time":54,"minecraft:total_world_time":760,"minecraft:mob_kills":1,"minecraft:fall_one_cm":1997,"minecraft:fly_one_cm":7537}},"DataVersion":3465}